GEOID,DISTRICT
370210001.1,12
370210053.1,12
370210068.1,12
370210022.2,12
370210027.2,12
370210058.1,12
370210059.1,12
37191000004,8
37191000026,8
37191002530,8
3706100CALY,8
37191000028,8
37191000002,8
370210066.1,12
37143BETHEL,11
370210044.1,12
370210024.1,12
370210048.1,12
370210038.3,12
370210036.1,12
37111FORT-1,12
37111FORT-2,12
370210060.2,12
37035000019,1
37035000006,1
37035000002,1
370230029-B,1
370230029-A,1
3710900NB35,1
37035000030,1
37035000014,1
37035000032,1
37035000001,1
370210002.1,12
37035000017,1
37035000026,1
37035000024,1
37023000012,1
37023000013,1
37023000015,1
371350000SM,3
371350000CP,3
37063000044,3
371350000HE,3
37135000ENO,3
37063000045,3
37063000050,3
37153000004,7
370210011.1,12
370210045.1,12
370210039.2,12
370210039.3,12
370210037.1,12
370210003.1,12
370210054.2,12
370210018.2,12
370890000FL,12
370210052.1,12
37035000016,1
37035000029,1
37035000012,1
37035000023,1
371050000D1,4
371050000D2,4
371050000C1,4
371050000C2,4
371350000WD,3
37135000WDS,3
37153000009,7
371050000E1,4
371050000E2,4
3708500PR23,4
3708500PR26,8
3708500PR24,4
3710100PR14,8
3708500PR25,8
3708500PR29,8
370210047.1,12
37143PARKVI,11
37143NEW-HO,11
3706100WOLF,8
370210025.1,12
370210008.3,12
370210060.4,12
370210008.2,12
370210034.1,12
3706100MAGN,6
3716300ROWA,6
3716300INGO,6
3706100BEUL,6
37107000PH2,6
3706100KENA,6
37135000CS1,3
37153000008,7
37165006-89,7
37153000005,7
37165001-16,7
37155000019,7
3703100NPT2,6
3703100NPT1,11
3703100IBSP,6
3703100MHD2,11
3703100ABCH,6
3703100MHD1,11
3708500PR07,4
3706100WALL,6
3706100ROSE,6
3706100WARS,6
3716300TURK,6
3706100FAIS,8
3716300GIDD,8
3706100GLIS,6
37165000004,7
37165000003,7
37017000P80,7
37017000P45,7
3701700P202,7
37017000P55,6
3713300BC21,6
3713300ML23,6
37103000P07,6
3713300NR02,6
37143NICANO,11
37035000013,1
371350000NS,3
371350000WW,3
37019000016,6
370190004B2,6
3701900004A,6
37129000W03,6
37129000W26,6
37019000021,6
37019000007,6
37019000017,6
37019000019,6
37019000008,6
37019000020,6
37019000015,6
37153000002,7
37153000001,7
37153000013,7
37165002-25,7
371350000KM,3
37035000031,5
37035000008,1
371350000LC,3
37191000013,8
37191000007,8
37191000001,8
37191001920,8
37191000029,8
37191000012,8
37057000062,13
37057000066,13
37123000LIT,2
37055000KDH,11
370550000EL,11
3705500AVON,11
3705500KTHK,11
3705500SOSH,11
370210023.3,12
370210021.1,12
370210023.2,12
370210014.3,12
370210042.1,12
370210067.1,12
370210012.1,12
370210033.3,12
37119000202,9
37119000206,9
37119000201,14
37119000097,14
37119000114,14
37119000134,5
37119000087,14
371190223.1,5
37119000011,5
37119000019,14
37119000227,14
37119000208,5
370970DV1-B,5
370970DV2-B,9
371190139.1,14
37119000236,14
371350000GB,3
371350000OG,3
3700100009S,3
371350000WH,3
3713500000H,3
371350000EF,3
37153000010,7
371350000CW,3
37063000025,3
37063000026,3
3707700BERE,10
37069000013,8
37035000041,5
37035000020,1
37035000037,1
37035000003,1
37035000040,1
37035000035,1
37035000025,1
3710100PR09,8
371010PR29B,8
3710100PR13,8
3710100PR34,8
3710100PR08,8
3710100PR36,8
37083000HPR,11
3710100PR20,8
37183009-02,8
3710100PR35,8
3716300PLVW,8
3708500PR31,4
37119000237,9
371190204.1,9
37119000041,5
37119000081,5
37119000133,9
37119000054,5
37119000148,14
37119000062,14
3707700BTNR,10
3707700CORI,10
3707700SOOX,10
37173ALMOND,12
3707500EAST,12
37113000015,12
3707500STEC,12
37173000BC1,12
37173000BC2,12
37099000SDC,12
37099000QUA,12
370870000IH,12
37113000003,12
37113000007,12
371050000A1,4
371050000A2,4
3708500PR01,4
37051SL78-3,7
3708500PR08,4
3712700P02A,8
3712700P23A,8
3712700P17A,8
3712700P16A,8
3712700P04A,8
3712700P11A,8
3712700P14A,8
3712700P10A,8
3712700P03A,8
37153000006,7
37057000056,13
3708300ENF1,11
3712700P13A,11
371170000GN,11
370150000RX,11
370150000WD,11
370830BUTWD,8
37185000009,8
370830LIT-2,8
37185000001,8
37131LAKE-G,11
3708300RR-3,11
37083000RRC,11
37049000011,11
37049000007,11
37049000002,11
3703100STEL,6
37049000003,11
3704900VE14,11
37147000601,11
3712700P08A,8
3707700CRDL,10
3713300JA01,6
3713300BM08,6
371330NE22A,6
3713300VR15,6
3713300HU20,6
371330NE22B,6
3713300EN03,6
37035000034,1
3717300WHCH,12
3708500PR20,4
3705100LI65,4
3708500PR28,4
37183012-02,4
3708500PR32,4
37119000203,14
37119000216,14
37119000232,14
3710900IS23,5
37161000011,1
3716100006A,12
3714900CG05,12
37191000009,8
37191000015,8
37191000010,8
37191000024,8
3710100PR04,8
37057000058,13
37057000008,13
37057000020,13
37057000052,13
37057000016,13
37067000042,13
370210064.1,12
370210009.1,12
370210057.1,12
370210031.1,12
370210055.1,12
37119000224,5
37119000050,5
37119000069,14
37119000023,5
37119000063,14
37119000104,14
37119000229,5
37119000243,5
3712700P21A,8
3712700P19A,8
37037000018,3
37125000CAR,4
37037000020,4
371050000B1,4
37183006-10,4
37037MCH110,3
37037NWM117,3
371350000WC,3
37037000085,3
371510000SE,3
37037000030,3
37119000132,9
3716100005A,1
3710900LS12,5
3710900DW28,5
37161000028,12
37161000030,12
37161000013,1
3710900TA37,5
37057000054,13
371510000TB,2
37057000074,13
37057000048,13
37057000070,13
37123000CHE,7
3712700P20A,8
3712700P24A,8
3714900WO06,12
37161000018,12
3714900CL07,12
3714900SA04,12
370890000RR,12
37057000032,13
37057000004,13
37057000076,2
371510000TR,2
370830RR-10,11
37083WEL1-2,11
370830LIT-1,8
3704900DFB9,11
3704900CFB8,11
37147001001,11
3710700000C,11
37049000017,11
370490000N2,11
37037000015,3
37037000078,4
37037ESC114,3
37037000042,4
37037000006,3
37037000045,4
37099000GCK,12
37099000CUL,12
370210013.1,12
3714700800B,11
3714701512A,11
37119000022,5
37119000207,9
37119000242,5
37119000043,14
37119000136,14
37119000211,5
37119000241,9
37017000P65,6
37017000P10,7
37119000031,5
37119000088,14
37119000230,5
37119000205,9
37025001-04,9
37119000209,5
3710100PR22,8
37119000145,9
37119000239,9
37025002-09,9
37119000094,14
37119000141,9
37119000105,9
3714900CL08,12
37035000005,1
3714701513A,11
37119000213,5
37119000093,14
371750000CM,12
371750000BD,12
371750000WC,12
371750000PF,12
37147001501,11
371750000B4,12
371750000RE,12
37119000013,5
37119000026,5
37123000UWH,9
37123000PEE,9
37123000STA,3
37125000WEM,3
371230000T1,2
37123000CAN,7
37113000002,12
37113000014,12
37113000010,12
370210030.3,12
370210030.2,12
370890000NM,12
370210071.1,12
37147000301,11
37119000220,14
37119000058,14
37119000099,14
37119000233,14
37119000009,5
37119000140,14
37119000109,14
37155000002,7
3715500032A,7
37155000023,7
37155000022,7
37155000016,7
37017000P60,7
3701700P201,7
37047000P15,7
37119000231,14
37017000P25,7
37047000P18,7
37017000P40,7
3700300LRSL,1
3700300T2T3,1
37019000006,6
37019000022,6
37019000023,6
37099000SAV,12
37113000012,12
3704300SHCR,12
3703100BFT2,11
3703100EMIS,6
3713300SW19,6
3703100BFT1,11
3703100DASW,11
3703100BOGU,6
3704700P22A,7
3704700P20A,7
3704700P01A,6
37047000P24,7
3704700P26B,7
3704700P16B,6
37047000P09,7
37047000P08,7
37023000051,1
37009000009,1
37093000063,7
37093000061,7
37155000039,7
37185000010,8
371070000K6,11
3710700000W,6
37103000P06,6
37107000PH1,6
3703100CISL,11
3703100ATSL,11
370870000EF,12
3714500PNTH,3
3708700WS-2,12
37009000020,1
37009000014,1
37009000012,1
37009000011,1
37023000014,1
37023000036,1
37023000035,1
37023000065,1
370870000AC,12
37093000062,7
37119000016,5
37069000019,10
37069000009,8
37049000020,11
371370001RB,11
3704900TE13,11
37049000019,11
37049000021,11
370490000N4,11
37049000016,11
3719500PRWB,8
3719500PRWL,8
3719500PRTO,8
3719500PRWN,8
3719500PRWJ,8
3719500PRCR,8
3719500PRSP,8
3703100MCRK,11
3703100BCRK,6
3703100WILD,11
3703100CCCP,6
3703100MERR,11
37009000004,1
37009000015,1
3700500006A,1
37193000125,1
37017000P30,6
3704700P02B,6
37047000P14,6
3703100MASM,11
3700300S1S2,1
3719500PRWQ,8
3719500PRWI,8
3719500PRTA,8
3703100MHD4,6
3710900ST36,1
37035000009,1
3716100016A,12
37111M.COVE,12
3716100004A,1
3710900LI14,5
3710900SL24,5
37161000014,1
37161000029,1
37023000052,1
37023000001,1
37009000007,1
3708700CL-S,12
3708700CL-N,12
3714500ALVI,3
3714500CUCL,3
3714500WDSD,3
370870000BC,12
37093000012,7
37171000031,13
37171000019,13
37171000023,13
3719500PRBL,8
37023000031,1
37023000021,1
37023000024,1
3701700P501,7
3702700PR33,1
3702700PR25,1
37171000029,13
37017000P15,7
3713300RL09,6
37093000013,7
37155000010,7
37155000021,7
370510G9B-1,7
37155000008,7
37155000009,7
37037PIT113,3
37037000009,3
3714701508A,11
3714701508B,11
37119000137,14
37069000015,10
37069000003,10
37069000008,8
37069000005,8
37069000016,8
37069000001,8
3700300000E,1
371510000AW,2
371510000SO,3
371510000DR,2
371510000GR,2
371510000PR,2
371510000AE,2
371570000DR,3
37161000027,12
3702700PR32,1
3702700PR21,1
37023000066,1
3702700PR22,1
37111DYSART,1
3700300000W,1
37093000064,7
3702700PR34,1
3702700PR35,1
3702700PR14,1
3701300RVRD,11
371570000MS,2
3716100009A,12
3714900GC09,12
37037000075,4
37037000024,3
37009000006,1
37023000040,1
37023000022,1
37069000018,10
37069000011,8
3710100PR37,8
3710100PR07,8
37191000003,8
3710100PR25,8
3710100PR26,8
37165005-10,7
370130AUROR,11
370130WASH4,11
371170000R2,11
371170000BG,11
3701300TCRK,11
3701300OLDF,11
370130EDWAR,11
370130BELHV,11
371170000CR,11
37147000401,11
3714701504A,11
3714701504B,11
3714701505B,11
37171000030,13
37171000005,13
3713300FS16,6
3713300HR17,6
3713300MT24,6
3714100SC13,6
3714100UH08,6
3714100SP15,6
3719500PROL,8
3712700P01A,8
3719500PRWE,8
3719500PRWM,8
3719500PRGA,8
371010PR31A,8
371010PR10A,8
371010PR10B,8
371010PR11B,8
371010PR29A,8
371010PR27A,8
371010PR27B,8
3710100PR30,8
3703300LEAS,3
37119000146,9
37119000225,5
37119000151,9
37119000065,14
37099000SCC,12
37047000P07,7
37113000013,12
37093000002,7
3715500026A,7
371070000K2,11
371570000EC,2
371570000WS,2
371510000LC,2
371510000UG,2
371570000RC,2
37115MARS-H,12
37019000005,6
37019000001,6
370830000SN,11
37099000BCK,12
37119000135,5
37119000014,5
37119000098,5
37183016-06,4
37183017-13,10
37183017-12,8
37183017-04,10
37183004-11,4
3704900N3N5,11
37155000041,7
37155000014,7
37183001-11,10
37183004-20,4
37183010-04,8
37183020-15,4
37183020-17,4
37183020-14,4
37183020-16,4
37183001-20,10
37183019-13,10
37183019-14,10
37183019-15,10
37183019-05,10
370150000M2,11
371510000AR,2
3712700P15A,8
3712700P07A,8
37083000HAL,11
37071000014,5
37071000039,5
37057000028,13
37103000P05,6
37103000P01,11
3705500STPT,11
371390NORTH,11
37057000046,13
37057000082,13
3708100MON1,2
37081000G06,2
3713900EAST,11
37183001-45,10
37183001-40,10
37071000023,5
37023000011,1
370030000B1,1
3719700BNVL,13
3719700SKNB,13
3702700PR01,1
3702700PR18,1
37057000012,13
370510G9B-2,7
37051000G9A,7
370510G3A-1,7
370510G3A-2,7
37051000G8D,7
3705100CC12,7
3705100CC14,7
3705100CC07,7
3706100ALBE,6
37019000014,6
37019000013,6
3701900010A,6
3701900010B,6
37057000088,2
37081000H15,2
37057000018,13
37057000072,13
37057000060,2
37081000H22,2
37081NCLAY2,2
3708100JEF1,2
370810NWASH,3
37081000G35,2
37167000026,9
37081000G52,2
37001000127,3
3700100012N,3
37001000013,3
3700100006E,3
37001000063,3
3719903-EGY,12
37183010-03,8
37183004-05,4
37071000021,5
37003T1T4T5,1
37183017-11,10
37183001-50,10
37183010-02,8
37183008-02,10
37183020-08,4
37183001-15,10
37183001-49,4
3705100CC33,7
3705100CC01,7
37125000PBF,7
37125000LTR,7
37125000PHC,7
37125000EAB,7
37125000PDN,7
37093000004,7
37169000017,13
37169000015,13
37169000007,13
371510000BC,2
371510000AS,2
371510000LB,3
37001000001,3
370130000HB,11
37081000H04,2
3708100JAM5,2
37169000004,13
37169000020,13
37169001819,13
37169001618,13
37095000ENG,11
37169000009,13
371370003BY,11
370510G2C-2,7
37051000G2A,7
370510G2E-2,7
37051000G2B,7
370510G2C-1,7
3705100G11B,7
37051000G2D,4
3705100CC17,7
370510G2E-1,7
370510G5A-2,7
370510G5B-1,7
370510G5A-1,7
37051000G5C,7
370510G5B-2,7
37051000G8A,7
37051000G8B,7
37051000G8C,7
3705100AH49,7
37051000G6A,7
37051000G6C,7
37051000G6B,7
37017000P70,7
3716300CLEM,8
37071000017,5
371170000R1,11
371170000HM,11
3711700000J,11
370130PINET,11
370150000MH,11
371570000HO,2
37081000FR4,2
37081000H09,2
37081000H08,2
37081000G29,2
37169000008,13
37169000013,13
37169000012,13
37081000RC2,3
37125000WAB,7
37125000WND,7
37037000003,3
37019000002,6
37189000011,1
37189000014,1
37115LAUREL,12
37001000002,3
37001000005,3
3703300ANDE,3
3703300STON,3
37001000011,3
371350000CA,3
370330000PH,3
37001000007,3
3700100008S,3
37071000025,5
37071000028,5
37071000029,5
3713704VM-A,11
3713704MSIC,11
371510000NM,2
371510000RN,2
371510000RM,3
37193000106,1
37189000005,1
37081000G61,2
37081000G48,2
37081000G50,2
37081000H01,2
37081000PG2,2
37155000035,7
37185000012,8
370130BEADM,11
37193000124,1
37171000001,13
37193000107,1
37193000128,1
37193000103,1
37193000122,1
3719700SBCK,13
370810MON2B,2
370810MON2A,2
37081000FR1,2
371150BEECH,12
370210051.2,12
371510000ST,3
37051CL57-1,7
3705100CC27,7
3705100G10C,7
3705100G10A,7
3705100G10B,7
37125000VSS,7
3712500EKWD,7
3712500WKWD,7
37125000CAM,4
37051CL57-2,7
37051000G3B,7
37051000G3C,7
3705100LR63,7
3710900HC33,1
3710900OB21,5
3710900LN11,1
3706100ROCK,6
3716300HARR,6
3706100CYCK,6
3713300CL10,6
3713300NM13,6
3706100SMCA,6
3714500SWST,3
3708700WS-1,12
3714500ROX4,3
37065001001,11
3715500018A,7
3719901-BUR,12
3719908-CRA,12
37065001203,11
37065001204,8
37065000101,11
370870000CR,12
3708700FC-2,12
3713300HN14,6
370950000BM,11
370130PANTE,11
37183004-18,4
37183001-23,10
3712700P05A,8
37081000G75,2
37081000SF1,2
37081000OR1,2
37081000G47,2
37081000G74,2
37167000010,9
37167000013,9
37167000023,9
37081000G53,2
3708100SMAD,2
37081000G65,2
37081000G51,2
37167000008,9
37167000015,9
3708100JEF2,2
37081000G72,2
371150SOUTH,12
37115WALNUT,12
37019000011,6
3701300WDPD,11
371170000W2,11
370150000W1,11
370130WASHP,11
3708100SDRI,2
37081000G64,2
3708100SUM2,2
3708100H19A,2
37081000G15,2
37081000GIB,3
37167000017,9
37159000022,9
37081NCLAY1,2
3713300TL06,6
3713300GB12,6
371570000SE,3
371570000HU,2
371570000MC,2
370890000SW,12
3708100MON3,2
371570000IR,2
37081000G44,2
37081000G67,2
37081000G32,2
37081000H03,2
370810000GR,3
3714100PL10,6
3714100UU17,6
3708700000P,12
3708700BE-1,12
3708700BE-3,12
3714500MTTZ,3
37063000028,3
370890000RG,12
370890000SE,12
3708900HV-2,12
370890000SB,12
370890000GR,12
3714500RCTL,3
37057000024,13
37057000036,13
37057000050,13
3716300AUTR,8
37179000009,14
37179000006,14
3717900020B,14
37179000043,14
37179000039,14
37179000015,14
37179000040,14
37179000008,14
3717900029C,14
3701300NCRK,11
370130SURBA,11
37045000S-C,1
3704500KM-S,5
37045GROVER,5
370450MULLS,1
370450CASAR,1
3716100010A,1
37045SHANGI,1
3704500S-4A,1
3704500LATT,1
3714100UT14,6
37067000132,13
3712900CF02,6
37129000H12,6
37129000H13,6
3712900CF01,6
37019000003,6
3714100GR06,6
3716300MING,8
37129000H11,6
37129000H10,6
37129000W27,6
37129000H08,6
37129000H02,6
3716300LAKE,8
3716300ROSE,8
37081000H28,2
3708100H29B,2
3708100H29A,2
37009000013,1
3702700PR02,1
37123000ELD,9
37057000022,13
37057000038,13
37057000006,13
37067000606,13
37067000906,13
37067000021,13
3714100CL05,6
37155000003,7
371170000GR,11
37019000018,6
37001000035,3
37001000064,3
37001000128,3
3702700PR13,1
3702700PR07,1
37023000062,1
37011000004,1
37179000012,14
37009000018,1
3703300MILT,3
3700100006N,3
37001000129,3
3700100010N,3
3714100MT19,6
3714100CS04,6
37081000G33,2
37167000011,9
37167000027,9
37057000068,2
37057000040,13
3714100LU16,6
370910000CM,11
370890000HS,12
3708900HV-1,12
370890000NW,12
370890000EF,12
370890000BK,12
370890000PR,12
370890000AT,12
3700100012E,3
37001000103,3
371350000CX,3
3700100010S,3
370910000M1,11
3707900BEAR,11
37079000SH1,11
3707900CAST,11
37155000030,7
370910000HV,11
370910000A3,11
3708100JAM2,2
3708100JEF3,2
3708100NMAD,2
37081000PG1,2
37081000H26,2
370810SCLAY,2
3708100SUM3,2
3702700PR17,1
3702700PR30,1
37155000020,7
37065000501,11
37065001205,8
370130WASH2,11
3700100012W,3
3700100012S,3
37001000126,3
37001000125,3
3707900WALS,8
37081000G37,2
370810H27-A,2
370810H27-B,2
37167000021,9
37081000G23,2
37081000G39,2
37081000G38,2
37081000G09,2
37179000003,14
37179000016,14
37081000H23,2
3705700086A,13
370290000CH,11
37139000NIX,11
371390SOUTH,11
3716300GARL,6
37129000W15,6
3712900FP08,6
37129000M06,6
37129000M07,6
3713300WN04,6
37129000W28,6
3716300WBRK,8
3710100PR38,8
3719700DCRK,13
370970000EM,13
370970DV1-A,9
37097000CC3,9
37159000004,9
37159000024,9
370970000BE,1
370970000FT,9
370970000BA,9
370970000CS,9
37059000002,13
37097000CC4,9
3709700SH-B,1
3716300CLWE,8
3715700LK-2,2
371570000LI,3
3703300PELH,3
37183008-05,10
37183018-06,4
37183001-27,10
37183019-09,10
37183007-07,10
37183001-34,10
37183007-04,10
370810SWASH,3
37081000H11,2
37081000G19,2
37081000G12,2
37081000G30,2
37081000G36,2
37081000G34,2
3708100JAM1,2
37081000H07,2
37081000G11,2
3708100FR5A,2
3708100FR5B,2
3708100JEF4,2
37183017-03,10
37183009-03,8
37183005-05,10
37063000033,4
37183005-03,4
37063000032,10
3718320-06A,4
3718320-06B,4
37183020-12,4
37097000ST3,1
37183001-21,4
37183005-07,4
37183005-08,4
37183001-35,10
37183002-02,10
37183010-01,8
3714100RP20,6
37193000111,1
37183018-01,4
37183008-11,10
37189000020,1
370530000CH,11
37193000101,1
37189000017,1
37011000002,1
37177000015,11
37183019-12,10
37183019-03,10
37183017-09,10
37183005-06,4
37183001-26,10
37183016-04,8
37051EO61-2,7
37051000G4B,7
37051000G4C,7
37051000G4A,7
3705100CC15,7
3705100CC06,7
37125000NSP,7
37183018-02,4
37183001-01,10
37183003-00,4
370890000EV,12
370890000FR,12
3719906-JAC,12
37183015-01,8
371010PR31B,8
37183001-16,10
37183001-29,10
37071000044,5
37081000G03,2
37081000G08,2
3708100FEN2,2
370810NCGR1,2
37183012-09,4
3705100AL51,7
37125000RBN,3
37125000EWD,7
37125000BEN,3
37155000015,7
3715500005A,7
3705100MR02,7
37071000012,5
37071000022,5
37071000018,5
37189000001,1
3705100SH77,7
3705100CC21,7
37065000701,11
37155000029,7
37183013-09,10
37125000DHR,3
37071000045,5
37071000006,5
37193000109,1
37193000102,1
37193000118,1
3714100SB02,6
37063000023,3
37063000029,10
37183014-01,10
3707700CRDM,10
37063000019,3
37063000009,3
37063000010,3
37063000031,10
37063000046,3
37063000042,3
370630035.3,4
3705100CU02,7
3705100CC05,7
3705100CC29,7
37051EO61-1,7
37189000007,1
37189000004,1
37071000035,5
37071000004,5
3705100CC31,7
37125000SSP,7
3712500PHB1,7
37125000SLS,7
3705100CC18,7
3705100CC25,7
3705100CC24,7
37067000505,13
37067000123,13
37067000091,13
37067000602,13
37067000082,13
37067000092,13
37067000015,13
37071000027,5
37071000013,5
37189000006,1
37189000003,1
37071000038,5
37189000019,1
37071000024,5
3714100CT03,6
37193000119,1
37071000042,5
37071000036,1
37189000002,1
37067000908,13
37067000802,13
37067000709,13
37067000703,13
37067000701,13
3715900019A,9
37159000002,9
37189000008,1
370530000WH,11
37065000601,11
370830ENF-2,11
37065001201,8
37065000103,11
37155000037,7
37183008-10,10
37183020-03,4
37183020-11,4
37183006-09,4
37183006-08,4
37183012-08,4
37183001-44,10
37065001101,11
37065001202,8
37067000072,13
37067000206,13
37067000405,13
37067000605,13
37067000604,13
37067000122,13
37065000201,11
370890000SM,12
370890000GM,12
370890000NE,12
370910000SJ,11
370910000A1,11
370070WADES,7
37177000002,11
37177000001,11
37011000003,1
37011000010,1
37121000006,12
37121000004,12
37111N.COVE,1
3719909-SOU,12
3700700PEAC,14
37179000036,14
370070000MM,7
3700700POLK,14
37007000ANS,9
37025012-13,9
37025012-08,9
37025006-00,9
37025010-00,9
37179000032,14
37025009-00,9
37025002-03,9
37025001-11,9
37025004-03,9
37025004-11,9
37159000016,9
37159000009,9
3707900MAUR,11
3707900HOOK,11
3710700000V,11
37067000404,13
37067000301,13
37067000034,13
37067000702,13
371870000LM,11
371870000P1,11
371870000SK,11
37181000NH1,10
371810000NV,10
3718100SCRK,10
37025012-10,9
37025004-13,9
37025002-08,9
37097000CC2,9
37097000ST6,9
37097000ST1,9
370970000TB,13
370970000SB,1
37067000133,13
3719700FBSH,13
37097000ST4,1
370970000UG,1
37097000CC1,9
370970000OL,1
37097000ST2,9
37097000ST5,1
3717900017B,14
37179000034,14
370970DV2-A,9
3709700CH-A,9
3709700SH-A,1
3703900HOTH,12
3703900MARB,12
3703900MURN,12
3703900MURS,12
3703900RGER,12
3703900CSON,12
37179000014,14
37179000025,14
37179000002,14
3717900028D,14
3717900028A,14
3717900028C,14
3717900028B,14
3717900020A,14
37179000023,14
37065000301,11
37155000013,7
37025008-00,9
37025001-10,9
370970000CD,1
37059000014,13
37069000010,8
3712700P09A,8
37011000005,1
37023000018,1
371110MAR-2,1
371110MAR-5,12
37111HIGGIN,1
37111GLENWD,1
3711100NEBO,1
37023000019,1
3704300HAY2,12
371750000LR,12
370890000ES,12
37059000009,13
37067000055,13
37119000040,5
37011000015,1
371750000DR,12
371750000B1,12
371471403A2,11
371471403A1,11
3714701102B,11
37147001201,11
37067000012,13
37067000073,13
37025004-01,9
37025012-03,9
37025003-00,9
37159000044,9
37065000102,11
37065000901,11
3719500PRSA,8
37119000222,5
37119000228,5
37119000138,5
37119000027,5
37119000025,5
3707300004N,11
3707300004S,11
3718100KITT,10
3704300TUSQ,12
3704300WARN,12
3718100HTOP,10
37025011-01,9
37059000001,13
37059000003,13
3719700SLIB,13
37183007-10,10
37059000006,13
371110MAR-4,1
37111T.COVE,12
37059000011,13
370630030-1,10
37063000038,3
37063000027,3
371350000GL,3
371350000ES,3
371350000CF,3
371350000RF,3
370630053-2,3
370630030-2,10
37183007-01,10
37183012-05,4
37183016-11,8
37183016-10,8
37183008-03,10
3703900HIWA,12
3703900HANG,12
3703900ANNW,12
3700500003A,1
37193000126,1
37103000P04,11
3704900CLR4,11
37049000005,11
371070000T1,6
371070000SW,11
37155000012,7
37155000028,7
37071000001,5
3703900ANSW,12
37181000SH1,10
37181000SH2,10
371810000WH,10
37131SEVERN,11
371870000P2,11
37011000011,1
37121000009,12
37063000013,3
37071000003,5
37071000032,5
37071000030,5
37025012-12,9
37025007-00,9
37025002-02,9
371370004HB,11
3713100GAPL,11
37067000068,13
37067000043,13
37067000201,13
37067000705,13
37067000809,13
37159000013,9
37159000023,9
37159000025,9
3715900014A,9
37159000036,9
37183020-05,4
37131COMIPE,11
37159000040,9
37081000G66,2
37081000RC1,3
37183004-21,4
37183001-12,10
37059000004,13
37159000021,9
37183020-10,4
37193000105,1
37193000117,1
37183013-08,10
37183004-07,4
37131RICH-S,11
37071000020,5
3704500KM-N,5
37071000005,5
37067000061,2
371110MAR-1,1
371110MAR-3,1
37111WEST-M,12
37111PLEASA,12
37111CCREEK,12
37183012-01,4
37183002-06,10
37067000708,13
37067000063,13
37047000P11,7
3704700P25B,7
37057000084,13
37183019-16,10
37183018-05,4
371390000MH,11
37183001-18,10
37183001-38,10
37183006-06,4
37059000012,13
37073000001,11
37059000005,13
371370002OT,11
37183016-07,4
37073000005,11
37073000002,11
37183015-02,4
37183013-11,10
3718100MIDD,10
37191000011,8
37183016-01,8
37191000022,8
37183007-09,10
37143EAST-H,11
37183012-06,4
37183001-02,10
37183001-14,10
370210033.2,12
370210005.1,12
370210049.1,12
37191000023,8
37035000004,1
37035000021,1
37035000027,1
37057000030,13
37153000016,7
37165000007,7
371490TR123,12
370210006.1,12
37191000008,8
37191000027,8
37191000021,8
37099000GLV,12
37113000008,12
37113000005,12
37113000009,12
37099000CAS,12
37067000403,13
37067000805,13
37035000033,1
37057000014,13
3714700200A,11
371750000CC,12
371750000EF,12
3710700000N,6
371070000K1,11
371070000K3,11
371750000B3,12
371070000MH,8
3707900SHIN,8
37067000204,13
37067000306,13
37155000011,7
3715500011A,7
370890000LJ,12
370890000PV,12
37123000MTG,7
37123000OPH,2
3714701403B,11
3714701513B,11
37147001506,11
371750000B2,12
37147001503,11
37147000501,11
3712700P22A,8
3712700P06A,8
3705700080A,13
37057000064,13
37057000034,13
37035000011,1
37035000007,1
37161000034,12
37119000212,9
37119000080,5
37119000121,14
37113000006,12
3714700800A,11
37119000218,14
37119000127,9
37147001301,11
3705500MATO,11
37113000001,12
37113000011,12
37099000WEB,12
37185000007,8
3710100PR19,8
37099000RIV,12
37119000053,5
37155000034,7
371350000HF,3
371350000RE,3
3707700EAOX,10
3708300RR-4,11
37153000007,7
3710100PR24,8
3710100PR33,8
371010PR11A,8
37047000P23,7
37047000P19,7
37119000149,9
37119000210,5
37035000022,1
37069000012,10
37119000147,5
37119000030,14
37119000056,5
37119000103,14
37119000122,5
37119000092,14
37119000124,14
37119000074,14
37185000014,8
37119000046,14
37119000001,14
37119000033,14
37119000129,14
37185000003,8
371070000K7,11
37119000051,5
37119000042,14
371190078.1,5
37069000017,10
37147000701,11
3714700200B,11
3714701511B,11
37069000002,8
3713100WOPO,11
37119000015,14
37119000047,14
37119000004,14
370150000W2,11
3716100003A,1
37119000219,14
37119000024,5
37119000234,14
37119000089,5
37047000P10,6
37047000P13,7
3710900LB34,5
37071000034,5
37045000S-S,1
37045MRB-YO,1
37045BETHWR,5
3708700FC-1,12
370830WEL-3,11
370450000BR,1
370830RR-11,11
3700100003N,3
3700100003C,3
370010003N2,3
3715700ED-1,2
37147001101,11
3714701102A,11
370210040.2,12
370210041.1,12
371150NORTH,12
3710900BC13,1
3710900IS20,5
3710900WP32,5
370210016.2,12
370210043.2,12
37045000S-5,1
3702700PR29,1
3702700PR31,1
37001001210,3
370950000FF,11
37063000008,3
3709500SLAD,11
3710900PC22,5
37001000124,3
371570000NB,2
371570000MA,2
37191000016,8
37191000018,8
37171000017,13
37171000027,13
37169000506,13
3719500PRST,8
3703300YANC,3
37171000011,13
37171000032,13
37171000016,13
37171000012,13
37171000015,13
37171000018,13
37171000013,13
3713300CR07,6
37119000049,14
37171000009,13
37095000OCK,11
370950000SQ,11
37063000043,3
371350000PA,3
37183008-08,10
37183008-04,10
37063000051,3
37063000017,3
37063000022,3
37063000014,3
3706100HALL,6
3707700SASS,10
3707700TYHO,10
37045POLKVL,1
370450RIPPY,1
37045LAWNDL,1
37181000EH1,10
37045OAKGRV,5
3704500WACO,1
370130CHOCO,11
3708700BE56,12
37115EBBS-C,12
37115SPRING,12
37131NEWTOW,11
3713100JARE,11
3707700MTEN,10
37183014-02,10
3707700OKHL,10
3707700ANTI,10
37001000004,3
37171000004,13
37171000022,13
37171000010,13
370870000WW,12
370870000JC,12
3707500WEST,12
3702700PR24,1
3716300KFRK,8
3716300SBRG,8
3716300CLSW,6
370890000CC,12
3712900FP06,6
3712900FP07,6
37129000M03,6
37129000H05,6
37129000W29,6
37073000003,11
37005000004,1
370530000CB,11
370290000SM,11
370290000SH,11
371370002SW,11
37025004-08,9
37025012-11,9
37025012-09,9
37167000022,9
37167000025,9
37081000H12,2
3708100CG3B,2
37139000PRO,11
37067000806,13
37067000507,13
3719700NKNB,13
37067000075,13
370530000PB,11
37081000G20,2
37081000G04,2
37081000G73,2
3708100SUM1,2
37081000G01,2
37129000W25,6
37183019-19,10
37183019-18,10
37183011-01,10
37183001-31,4
3719902-CAN,12
37081000G21,2
37183004-13,4
37183019-21,10
37183019-20,10
37129000H06,6
37081000H05,2
37081000G02,2
37081000G22,2
37081000G18,2
37167000020,9
3707500TAPO,12
3716300CLNE,8
37183004-01,4
3715900005A,9
37081000SF2,2
37081000SF4,2
3713900WEST,11
37159000010,9
37159000033,9
37159000031,13
37159000018,9
37159000028,13
37159000015,9
37159000038,9
37159000029,9
37159000032,9
37129000H03,6
371350000TO,3
37159000034,9
37135000UNC,3
3709700CH-B,9
37159000007,9
37159000027,13
37159000012,9
37159000030,9
3717900029A,14
3717900037A,14
37179000033,14
37179000010,14
3717900017A,14
37179000007,14
370070000WS,14
3700700LILE,7
37179000001,14
37081000FR2,2
37067000501,13
37025001-08,9
37129000W30,6
3716300CLEA,8
37025004-12,9
37025012-05,9
37025012-04,9
37119000221,14
37179000021,14
37179000031,14
37129000M02,6
37129000H04,6
37067000601,13
37067000902,13
37067000801,13
37067000062,13
37159000035,9
37159000017,9
37067000033,13
3703900GCRK,12
3703900UNKA,12
3700700GULL,7
37169000011,13
37169000010,13
3707900BULL,8
37067000083,13
37067000081,13
37067000111,13
37067000014,13
37067000067,13
37067000011,13
370890000ED,12
370210038.2,12
37067000502,13
37183001-22,10
37183006-07,4
37183016-09,8
3719904-RAM,12
37183019-11,10
37183016-02,10
37005000001,1
37183019-07,10
37183013-01,10
370890000LP,12
37041000005,11
37041000001,11
37103000P03,6
37121000005,12
37103000P02,6
371070000SH,11
370910000UN,11
37121000001,12
37025005-00,9
37063000003,3
370630053-1,3
37063000052,10
37041000002,11
370910000WN,11
37063000015,3
37063000037,3
37063000024,3
371810000NH,10
370150000C2,11
37183001-06,10
371870000SC,11
37177000016,11
37131SEABOA,11
37183004-08,4
37183004-09,4
37071000037,1
37193000127,1
37193000129,1
37193000114,1
3719300115A,1
37193000120,1
37183001-10,10
37183006-04,4
37183017-02,8
37183016-03,4
37131CREEKS,11
37179000011,14
3717900038B,14
37179000022,14
37179000005,14
37025001-07,9
37025011-02,9
37041000003,11
370150000C1,11
37189000013,1
37071000009,5
37071000043,5
37071000040,5
37071000015,5
37071000019,5
37071000031,5
37071000008,5
37071000011,5
37071000002,5
37071000041,5
37071000046,5
3714100NB01,6
3714100SH12,6
3714100MH07,6
370210004.1,12
370210028.1,12
370890000BC,12
370210014.2,12
370210065.1,12
3708500PR16,7
37153000015,7
37143WEST-H,11
370210032.1,12
3703100HAIS,11
3703100WIHA,11
37143BELVID,11
37019000012,6
371350000DA,3
37191000005,8
37035000028,1
37057000010,13
37057000026,13
37055000WAN,11
370210035.1,12
370210061.1,12
37099000CFK,12
370870000CE,12
37119000217,14
37119000017,14
37119000076,14
37119000066,14
37119000142,5
37119000143,5
37035000015,1
370830RINGW,8
37083000HOL,8
37185000008,8
371010PR12B,8
371010PR12A,8
3710100PR21,8
3710100PR32,8
37119000112,14
37153000003,7
371350000CB,3
37119000084,14
37119000116,14
3710900AS25,5
37119000235,14
3700100008N,3
37161000019,1
3710900DV08,1
3710900LW18,5
3710900LW31,5
37049000023,11
37119000077,5
370210007.1,12
371050000B2,4
37175000TC7,12
37099000CAN,12
37147000101,11
3714701511A,11
3714701510B,11
37147000901,11
37119000020,5
37119000200,5
37123000BIS,3
370210070.1,12
37119000038,5
37017000P75,7
37047000P17,7
37047000P06,7
37023000020,1
37093000014,7
3709300006B,7
37093000015,7
371070000K4,11
3714500HLWY,3
3708700BE-7,12
37011000016,1
370870000PC,12
37119000226,14
3719500PRWH,8
3719500PRWD,8
3719500PRWR,8
3719500PRWP,8
370490000N1,11
37023000064,1
37023000048,1
370870000HA,12
370870000ID,12
37171000025,13
37171000026,13
3719500PRWC,8
37023000034,1
3701700P502,7
3700100006S,3
37119000150,5
37119000126,9
371510000AN,2
3700300G1G2,1
370970000NH,1
37055000HAT,11
37119000214,9
370130WASH1,11
37009000016,1
37023000053,1
3710100PR28,8
371170000W1,11
3719500PRWK,8
37119000021,5
37119000034,14
37113000004,12
37093000001,7
37119000007,14
37119000111,14
37119000085,14
37019000009,6
37183001-28,10
37183001-30,10
37183001-09,10
37189000015,1
371230000T2,2
370550000MH,11
3705500FRCO,11
37183013-10,10
37183001-19,10
37057000042,13
37081000CG1,2
37081000G71,2
37051000G7B,4
37051000G7A,8
37125EUR-WP,7
37051000G1B,7
37051000G1A,7
37169000014,13
3708100H20B,2
37081000H18,2
3705100CC03,7
37189000018,1
3700100009N,3
37115GRAPEV,12
37093000005,7
37193000123,1
37167000016,9
37081000G46,2
37081000G26,2
37155000036,7
3719700NFAL,13
3719700EBND,13
37115HOT-SP,12
3705100CC16,7
3705100CC19,7
3710900DN29,5
3706100CHIN,6
3719910-PEN,12
370210050.1,12
37155000004,7
370870000LJ,12
37183001-07,10
37081000G56,2
37081000G69,2
3708100STOK,2
3708100JAM3,2
3708100JAM4,2
37167000028,9
37081000G10,2
37167000019,9
370130PSJW3,11
3713300HM05,6
371510000SW,2
3708900HV-3,12
37081000G27,2
3714500FLRI,3
37067000053,13
3701300BLCK,11
37045FALSTN,1
3700300000M,1
37009000017,1
37067000401,13
3714100LT18,6
3700100003S,3
3708100FEN1,2
370810NCGR2,2
370890000CB,12
370890000MG,12
37081000H02,2
37081000H13,2
37081000SF3,2
370810G40A1,2
3717900038A,14
37179000027,14
37179000004,14
37129000W24,6
370530000MY,11
37183015-04,4
37183018-08,4
37167000024,9
37081000H10,2
3708100G41A,2
3708100G41B,2
37183004-03,4
37183008-09,10
37183001-03,10
3707700WILT,10
3714100LC09,6
3719300113A,1
37183004-14,4
37183004-10,4
370530000IR,11
37183007-13,10
3705100CC04,7
37125000TLT,7
3712500PHA1,7
370890000AR,12
370890000HC,12
3700700BURN,9
37183009-01,8
37183004-19,4
37071000007,5
37081000G60,2
37183001-41,4
37123000ROC,7
37071000026,5
37063000002,3
37063000020,3
37063000012,3
37063000007,3
37063000018,3
3712500PHA2,7
370630034-2,3
370630034-1,4
37067000901,13
37189000016,1
37193000112,1
37189000010,1
3705100CC10,7
3712500PHB2,7
3705100MB62,7
37183001-37,10
37183013-06,10
37183016-05,4
37067000707,13
37067000808,13
37179000026,14
37067000203,13
37025002-01,9
3703900BRAS,12
37155000001,7
3704300HIAW,12
37059000010,13
37011000013,1
37155000017,7
37067000603,13
37119000079,5
37119000002,14
37011000018,1
37119000055,5
37119000100,14
37067000503,13
3704300SWEE,12
3704300HAY1,12
370910000CO,11
371810000CC,10
37059000013,13
37063000054,4
37063000036,3
37183001-13,10
37041000004,11
370910000M2,11
370910000A2,11
37131GALATI,11
37011000001,1
37121000003,12
37063055-11,3
37063055-49,3
37063000021,3
37121000007,12
37011000014,1
37067000032,13
37067000303,13
371350000SJ,3
37131GASTON,11
37183002-04,10
37183018-03,4
37159000042,9
37011000009,1
37011000012,1
37071000010,5
37183019-17,10
37067000607,13
37183017-10,10
37183001-05,10
37183012-07,4
3707700SALM,10
37183018-04,4
37183017-01,10
370210019.1,12
370210010.1,12
371350000OW,3
371350000CG,3
37153000012,7
37191000014,8
37067000506,13
371070000T2,8
37067000305,13
37067000131,13
370890000NB,12
370210056.2,12
370210029.2,12
37147001507,11
37175000TC1,12
37057000078,13
37119000240,5
3705500NGHD,11
370830RR1-2,11
371010PR23B,4
371010PR23A,8
370310OTBEG,11
37035000010,1
370830FAUCT,11
37153000014,7
37119000083,14
37119000215,14
37119000106,14
37119000052,5
37119000018,14
37119000118,14
37119000060,14
37119000057,14
37119000044,14
37119000003,14
37119000010,5
37119000039,5
37047000P03,6
371070000K9,11
3712700P12A,8
371070000K5,11
370330PROVI,3
37065000801,11
37023000003,1
37119000037,5
371190238.1,5
370870000WE,12
3705500CHCA,11
370490000N6,11
370210026.1,12
3700100003W,3
3711700000W,11
370130GILEA,11
37037000021,3
3708700BE-2,12
370870000SA,12
37045KINGST,1
3716300NGRV,8
37183001-43,10
3716300HERR,8
3712900FP04,6
3712900CF06,6
3712900CF05,6
37129000H01,6
371370001GB,11
3713701AL-A,11
370530000PP,11
37167000018,9
37081000G07,2
37081000H17,2
37139000NEW,11
37067000304,13
37067000903,13
3719700NLIB,13
37167000212,9
37121000008,12
37081000H06,2
37081000G05,2
3719911-PRI,12
37129000W31,6
3712900FP03,6
37183013-05,10
37183020-01,4
37183013-07,10
37081000H21,2
3708100CG3A,2
37081000FR3,2
3708100G42A,2
3708100G42B,2
37129000W16,6
37129000W17,6
37159000026,9
37159000003,9
3719700NBCK,13
37179000013,14
37179000030,14
37179000019,14
37183001-25,10
37159000008,9
37081000G14,2
37067000504,13
37129000M04,6
37129000W21,6
37159000001,9
37067000909,13
37067000064,13
37183020-04,4
37041000006,11
370150000IW,11
37183017-07,10
370910000ML,11
37025012-06,9
37063000040,3
37063000004,3
37063000001,3
37063000047,3
37183007-02,10
3704300HAYC,12
37067000803,13
37011000006,1
370150000SN,11
370210069.1,12
37035000038,1
370210017.1,12
3706100CFRK,6
37119000073,14
3712700P18A,8
371350000NC,3
371350000TH,3
3707700WOEL,10
37119000070,14
370210015.1,12
37119000082,9
37185000005,10
37185000004,10
37119000008,14
37119000064,14
3703100MHD3,11
37093000065,7
370230047-A,1
370230047-B,1
37023000038,1
37023000039,1
37023000070,1
37119000075,14
37183001-46,10
37155000025,7
37183001-48,4
371510000TT,2
37183007-05,10
37183001-17,10
37169000002,13
37169000003,13
371370005AP,11
37081000G55,2
3706100LOCK,6
3719905-GRE,12
37065001401,8
3706100CHAR,6
37081000OR2,2
37081000H16,2
37057000044,13
371170000PP,11
37081000G43,2
37081000H24,2
37081000G59,2
37155000040,7
37155000038,7
37167000003,9
37167000007,9
37065001301,11
37081000G70,2
37081000G63,2
3716300CLCE,8
37183011-02,10
37081000G16,2
37081000CG2,2
37183006-05,4
37081000G24,2
37081000G58,2
37189000012,1
37063000016,3
37071000033,5
3705100CC13,7
37065000104,11
37067000074,13
37067000907,13
37067000807,13
37177000003,11
37067000804,13
37025002-05,9
37067000207,13
37067000904,13
37067000071,13
37067000302,13
3703900BELL,12
37179000035,14
3719700SFAL,13
37025004-09,9
37069000006,8
37059000007,13
37059000008,13
37067000013,13
37147001509,11
37119000102,14
37119000061,14
37067000402,13
37183001-42,10
37063000006,3
37183005-01,4
37185000013,10
37185000006,10
37185000002,8
37067000065,13
3708300RR-7,11
3708300RR-9,11
37069000007,8
37119000036,14
37069000014,10
37119000091,14
37119000045,14
37119000032,14
37119000130,14
371070000K8,11
3714701512B,11
37009000003,1
3714500OLHI,3
370870000WC,12
37119000096,14
37055000BUX,11
3700100006W,3
37171000024,13
370950000LL,11
3708700BE-4,12
37191000017,8
3702700PR08,1
37081000G31,2
37081000H25,2
370530000CJ,11
37183017-05,10
37183001-47,10
37081000G57,2
37159000039,9
37159000041,9
37159000011,13
37179000041,14
3708100SUM4,2
37067000205,13
37025002-06,9
3716300KEEN,8
37179000024,14
37179000042,14
3703900PCHT,12
37183018-07,4
37183004-02,4
37183013-02,10
37025001-02,9
37063000041,3
37063000039,3
37183007-06,10
37011000017,1
37071000016,5
37193000108,1
37193000121,1
370210020.1,12
370210046.1,12
37035000036,1
37153000011,7
37119000086,14
3710900CF19,5
3708300RR-5,11
37119000128,9
37119000028,14
37119000048,14
3703100PKNL,6
37017000P35,7
37093000003,7
371070000FC,11
37119000068,14
3713300SF18,6
37123000WAD,7
37183004-12,4
37047000P04,7
371170000HS,11
37193000104,1
37081000H14,2
37081000G17,2
37081000G13,2
3717900029B,14
37129000W18,6
37183004-04,4
37183015-03,4
37183020-09,4
37183012-04,4
37183001-33,10
37183001-36,10
3705100CC26,7
370530000CI,11
37129000W08,6
370150000WH,11
37119000035,14
3703900TOPT,12
37155000024,7
371870000P3,11
37183004-15,4
3703300LOCU,3
3710700000I,8
3707900ARBA,11
37065000401,11
3714701510A,11
3705500DUCK,11
371350000CO,3
37119000071,14
37119000059,5
37155000007,7
37119000072,14
3710900BS26,1
370210062.1,12
3719500PRWA,8
37171000028,13
3702700PR16,1
370530000GW,11
371290000WB,6
3708100G40B,2
3708100NDRI,2
37067000066,13
37179000018,14
3717900037B,14
37025002-07,9
3719907-BRU,12
37067000031,13
37183002-03,10
370910000BR,11
370150000M1,11
3703100NRIV,11
371350000DM,3
37119000012,5
370210063.1,12
3703100PELE,6
37009000002,1
37119000029,14
37183007-12,10
37055000COL,11
37169000001,13
37067000112,13
37081000G54,2
3708100H20A,2
37129000W13,6
37129000W12,6
3705100CC34,7
370530000KI,11
37067000704,13
37063000005,3
37183008-06,10
37183004-06,4
37183007-03,10
37139000SAL,11
3714100CF11,6
37191000006,8
37035000039,1
37119000117,14
37173ALARKA,12
3708300CONC,11
37119000090,14
37119000113,14
371150SANDY,12
37081000G62,2
37183004-17,4
37135000EA1,3
37067000052,13
37177000014,11
37119000123,14
37119000108,14
37047000P05,6
371190107.1,5
370030000B2,1
37183002-01,10
37047000P21,7
37167000014,9
37183017-06,8
37115REVERE,12
37081000G45,2
37183001-32,4
37081000G28,2
37189000009,1
37067000905,13
37011000008,1
37063000048,3
37121000002,12
37067000054,13
37011000007,1
37067000706,13
37183008-07,10
3714701507B,11
37119000144,14
37119000101,14
37119000006,14
37131LASKER,11
370870000WO,12
3708100H19B,2
37081000G25,2
37183001-51,10
37081000G49,2
370810G40A2,2
37183001-39,10
37183001-04,10
3704300BRAS,12
37119000067,14
3707900SUGG,11
37159000045,13
3705100CC32,7
37119000120,14
3705100CC08,7
37067000051,13
37009000008,1
37183002-05,10
371350000CH,3
37047000P12,6
37067000101,13
37119000110,14
37119000115,14
37155000033,7
37183007-11,10
37185000011,8
3714701505A,11
371350000EH,3
37183004-16,4
37011000019,1
37119000125,14
37119000005,14
37081000G68,2
37119000095,14
37009000010,1
37119000119,14
37119000131,14
